{
  "defaultlang": "En", // set your language

  "Stores": [
    {
      "name": "Armeria di Saint Denis",
      "NPCModel": "U_M_M_NbxGunsmith_01", //Kuo Chao
      "BlipIcon": -145868367,
      "EnterStore": [ 2716.12, -1285.5, 48.62, 1.0 ],
      "CameraMain": [ 2716.288, -1284.979, 50.22016, -7.764513, 0.0, -154.7173 ],
      "NPCStore": [ 2717.23, -1286.94, 48.63, 34.73 ],
      "SpawnObjectStore": [ 2716.71, -1286.26, 49.80, 24.94 ],
      "SpawnAmmoInStores": [
        [ 2721.034, -1286.821, 49.6806, 205.34, "p_ammoboxhalf01x", "ammo_bullet_revolver", 0.25 ], //item ammo box of 10 bullets
        [ 2721.631, -1286.55, 49.6806, 25.34, "s_inv_used_pistolammo01x", "ammo_bullet_pistol", 0.25 ],
        [ 2720.465, -1287.084, 49.6806, 205.34, "s_sh_doubleammo01x", "ammo_shotgun", 0.25 ],
        [ 2719.061, -1285.645, 49.6806, -200.34, "s_inv_repeat_rifleammo01x", "ammo_bullet_repeater", 0.25 ],
        [ 2718.604, -1285.488, 49.6806, -15.34, "s_inv_used_rifleammo01x", "ammo_bullet_rifle", 0.25 ],
        [ 2714.976, -1280.644, 49.6806, 25.34, "s_inv_varmint_rifleammo01x", "ammo_bullet_varmint", 0.25 ]
      ]
    },
    {
      "name": "Armeria di Valentine",
      "NPCModel": "S_M_M_STRDEALER_01",
      "BlipIcon": -145868367,
      "EnterStore": [ -281.16, 781.24, 119.53, 1.0 ],
      "CameraMain": [ -280.8947, 781.0087, 120.0139, -8.367887, 0.0, 179.2106 ],
      "NPCStore": [ -280.87, 778.5, 118.5, 0.03 ],
      "SpawnObjectStore": [ -281.19, 779.78, 119.65, 358.81 ],
      "SpawnAmmoInStores": [
        [ -282.49, 779.72, 119.55, 0.03, "p_ammoboxhalf01x", "ammo_bullet_revolver", 0.25 ], //item ammo box of 10 bullets
        [ -283.51, 779.72, 119.55, 0.03, "s_inv_used_pistolammo01x", "ammo_bullet_pistol", 0.25 ],
        [ -283.03, 779.72, 119.55, 0.03, "s_inv_repeat_rifleammo01x", "ammo_bullet_repeater", 0.25 ]
      ]
    },
    {
      "name": "Armeria di Tumbleweed",
      "NPCModel": "S_M_M_STRDEALER_01",
      "BlipIcon": -145868367,
      "EnterStore": [ -5508.67, -2964.52, -0.63, 1.0 ],
      "CameraMain": [ -5508.52, -2964.3, -0.1410592, -7.3529, 0.0, -74.72726 ],
      "NPCStore": [ -5506.14, -2963.83, -1.64, 105.35 ],
      "SpawnObjectStore": [ -5507.45, -2964.23, -0.29, 105.11 ],
      "SpawnAmmoInStores": [
        [ -5506.62, -2966.85, -0.6, 105.14, "p_ammoboxhalf01x", "ammo_bullet_revolver", 0.25 ], //item ammo box of 10 bullets
        [ -5506.82, -2966.1, -0.6, 105.14, "s_inv_used_pistolammo01x", "ammo_bullet_pistol", 0.25 ],
        [ -5506.69, -2962.85, -0.6, 15.32, "s_inv_repeat_rifleammo01x", "ammo_bullet_repeater", 0.25 ]
      ]
    },
    {
      "name": "Armeria di Rhodes",
      "NPCModel": "S_M_M_STRDEALER_01",
      "BlipIcon": -145868367,
      "EnterStore": [ 1322.91, -1321.02, 77.89, 1.0 ],
      "CameraMain": [ 1322.89, -1321.226, 78.38355, -16.32112, 0.0, 164.2317 ],
      "NPCStore": [ 1322.14, -1323.3, 76.89, 345.54 ],
      "SpawnObjectStore": [ 1322.4, -1322.22, 78.04, 345.21 ],
      "SpawnAmmoInStores": [
        [ 1326.44, -1321.76, 77.93, 75.65, "p_ammoboxhalf01x", "ammo_bullet_revolver", 0.25 ], //item ammo box of 10 bullets
        [ 1326.11, -1322.84, 77.93, 74.74, "s_inv_used_pistolammo01x", "ammo_bullet_pistol", 0.25 ],
        [ 1326.17, -1322.29, 77.93, 78.94, "s_inv_repeat_rifleammo01x", "ammo_bullet_repeater", 0.25 ]
      ]
    },
    {
      "name": "Armeria di Annesburg",
      "NPCModel": "S_M_M_STRDEALER_01",
      "BlipIcon": -145868367,
      "EnterStore": [ 2946.39, 1320.14, 44.82, 1.0 ],
      "CameraMain": [ 2946.663, 1320.283, 45.31498, -21.16619, 0.0, -110.3879 ],
      "NPCStore": [ 2948.69, 1319.2, 44.82, 70.1 ],
      "SpawnObjectStore": [ 2947.52, 1319.59, 44.98, 70.21 ],
      "SpawnAmmoInStores": []
    }
  ],

  "AmmoGivesOnUse": [
    {
      "ammo_bullet_revolver": "AMMO_REVOLVER",
      "ammo_bullet_pistol": "AMMO_PISTOL",
      "ammo_shotgun": "AMMO_SHOTGUN",
      "ammo_bullet_repeater": "AMMO_REPEATER",
      "ammo_bullet_rifle": "AMMO_RIFLE",
      "ammo_bullet_varmint": "AMMO_22"
    }
  ],

  "Weapons": [
    {
      "Name": "Lasso",
      "HashName": "WEAPON_LASSO",
      "WeaponModel": "p_cs_basfishonthewal01x",
      "Price": 100.0,
      "AmmoHash": [],
      "CompsHash": []
    }
  ],

  "AmmoLimit": [
    {
      "AMMO_TOMAHAWK": 3,
      //"AMMO_TOMAHAWK_IMPROVED": 3,
      //"AMMO_TOMAHAWK_HOMING": 3,
      "AMMO_THROWING_KNIVES": 8,
      //"AMMO_THROWING_KNIVES_IMPROVED": 8,
      //"AMMO_THROWING_KNIVES_POISON": 8,
      "AMMO_ARROW": 40,
      //"AMMO_ARROW_DYNAMITE": 8,
      //"AMMO_ARROW_FIRE": 8,
      //"AMMO_ARROW_IMPROVED": 40,
      "AMMO_ARROW_POISON": 8,
      //"AMMO_ARROW_SMALL_GAME": 40,
      "AMMO_PISTOL": 100,
      //"AMMO_PISTOL_EXPRESS": 100,
      //"AMMO_PISTOL_EXPRESS_EXPLOSIVE": 10,
      //"AMMO_PISTOL_HIGH_VELOCITY": 100,
      //"AMMO_PISTOL_SPLIT_POINT": 50,
      "AMMO_REVOLVER": 200,
      //"AMMO_REVOLVER_EXPRESS": 200,
      //"AMMO_REVOLVER_EXPRESS_EXPLOSIVE": 10,
      //"AMMO_REVOLVER_HIGH_VELOCITY": 200,
      //"AMMO_REVOLVER_SPLIT_POINT": 100,
      "AMMO_22": 100, // No recarga el arma
      "AMMO_REPEATER": 200,
      //"AMMO_REPEATER_EXPRESS": 200,
      //"AMMO_REPEATER_EXPRESS_EXPLOSIVE": 10,
      //"AMMO_REPEATER_HIGH_VELOCITY": 200,
      //"AMMO_REPEATER_SPLIT_POINT": 100, // No aparecen en el inventario aunque las hayas comprado
      "AMMO_RIFLE": 100,
      //"AMMO_RIFLE_EXPRESS": 100,
      //"AMMO_RIFLE_EXPRESS_EXPLOSIVE": 10,
      //"AMMO_RIFLE_HIGH_VELOCITY": 100,
      //"AMMO_RIFLE_SPLIT_POINT": 50,
      "AMMO_SHOTGUN": 60,
      //"AMMO_SHOTGUN_BUCKSHOT_INCENDIARY": 14,
      //"AMMO_SHOTGUN_EXPRESS_EXPLOSIVE": 14, // No aparecen en el inventario aunque las hayas comprado
      "AMMO_SHOTGUN_SLUG": 60
    }
  ]
}